{"cameraMode":{"drawMode":0,"name":"Shaded","section":"Shading Mode"},"sceneLighting":false,"audioPlay":false,"sceneViewState":{"showFog":true,"showMaterialUpdate":true,"showSkybox":true,"showFlares":true,"showImageEffects":true,"showParticleSystems":true},"in2DMode":false,"pivot":{"x":-3.5299999713897707,"y":-0.02500009536743164,"z":-1.1920928955078126e-7},"rotation":{"x":-0.03295574337244034,"y":0.9287869334220886,"z":0.08522208034992218,"w":0.35917410254478457},"size":35.48479080200195,"orthographic":true}